"testtype","mincriterion","minsplit","minbucket","maxdepth","N1","N0","Time","Term","N","err","idx","err_all","min_idx","real_error"
"Univariate",0.95,10,5,0,728,145,12.113,825,98,0.1661,1,0.165,1,0.206
"Univariate",0.95,10,5,6,728,145,12.286,825,98,0.1661,2,0.165,1,
"Univariate",0.95,20,5,0,728,145,12.246,823,98,0.1661,3,0.165,1,
"Univariate",0.95,20,5,6,728,145,11.858,823,98,0.1661,4,0.165,1,
"Univariate",0.95,40,5,0,728,145,12.589,726,98,0.1661,5,0.165,1,
"Univariate",0.95,40,5,6,728,145,11.848,726,98,0.1661,6,0.165,1,
"Univariate",0.95,60,5,0,728,145,11.493,726,98,0.1661,7,0.165,1,
"Univariate",0.95,60,5,6,728,145,11.78,726,98,0.1661,8,0.165,1,
"Univariate",0.95,10,5,5,727,146,12.824,824,98,0.1672,9,0.165,1,
"Univariate",0.95,20,5,5,727,146,11.604,822,98,0.1672,10,0.165,1,
"Univariate",0.95,40,5,5,727,146,12.151,725,98,0.1672,11,0.165,1,
"Univariate",0.95,60,5,5,727,146,11.212,725,98,0.1672,12,0.165,1,
"Univariate",0.9,10,5,5,694,143,13.429,1208,94,0.1708,13,0.165,1,
"Univariate",0.9,20,5,5,694,143,12.124,1123,94,0.1708,14,0.165,1,
"Univariate",0.9,40,5,5,694,143,12.873,1030,94,0.1708,15,0.165,1,
"Univariate",0.9,60,5,5,694,143,12.292,942,94,0.1708,16,0.165,1,
"Univariate",0.9,60,5,6,694,143,11.848,951,94,0.1708,17,0.165,1,
"Teststatistic",0.9,40,30,0,723,150,14.759,1297,98,0.1718,18,0.1627,18,0.23
"Teststatistic",0.9,40,30,5,723,150,13.908,1287,98,0.1718,19,0.1627,18,
"Teststatistic",0.9,40,30,6,723,150,14.486,1296,98,0.1718,20,0.1627,18,
"Teststatistic",0.9,60,30,0,723,150,13.691,1297,98,0.1718,21,0.1627,18,
"Teststatistic",0.9,60,30,5,723,150,14.165,1287,98,0.1718,22,0.1627,18,
"Teststatistic",0.9,60,30,6,723,150,13.963,1296,98,0.1718,23,0.1627,18,
"Teststatistic",0.95,40,30,0,723,150,14.716,1297,98,0.1718,24,0.1627,18,
"Teststatistic",0.95,40,30,5,723,150,13.984,1287,98,0.1718,25,0.1627,18,
"Teststatistic",0.95,40,30,6,723,150,14.353,1296,98,0.1718,26,0.1627,18,
"Teststatistic",0.95,60,30,0,723,150,14.612,1297,98,0.1718,27,0.1627,18,
"Teststatistic",0.95,60,30,5,723,150,14.119,1287,98,0.1718,28,0.1627,18,
"Teststatistic",0.95,60,30,6,723,150,13.758,1296,98,0.1718,29,0.1627,18,
"Teststatistic",0.99,40,30,0,723,150,14.509,1297,98,0.1718,30,0.1627,18,
"Teststatistic",0.99,40,30,5,723,150,14.173,1287,98,0.1718,31,0.1627,18,
"Teststatistic",0.99,40,30,6,723,150,14.85,1296,98,0.1718,32,0.1627,18,
"Teststatistic",0.99,60,30,0,723,150,13.61,1297,98,0.1718,33,0.1627,18,
"Teststatistic",0.99,60,30,5,723,150,13.363,1287,98,0.1718,34,0.1627,18,
"Teststatistic",0.99,60,30,6,723,150,13.634,1296,98,0.1718,35,0.1627,18,
"Univariate",0.9,60,5,0,693,144,11.896,952,94,0.172,36,0.165,1,
"Univariate",0.95,20,10,0,721,152,11.859,820,98,0.1741,37,0.165,1,
"Univariate",0.95,20,10,5,721,152,12.002,820,98,0.1741,38,0.165,1,
"Univariate",0.95,20,10,6,721,152,12.153,820,98,0.1741,39,0.165,1,
"Univariate",0.95,40,10,0,721,152,12.602,723,98,0.1741,40,0.165,1,
"Univariate",0.95,40,10,5,721,152,11.791,723,98,0.1741,41,0.165,1,
"Univariate",0.95,40,10,6,721,152,11.826,723,98,0.1741,42,0.165,1,
"Univariate",0.95,60,10,0,721,152,11.517,722,98,0.1741,43,0.165,1,
"Univariate",0.95,60,10,5,721,152,11.931,722,98,0.1741,44,0.165,1,
"Univariate",0.95,60,10,6,721,152,11.843,722,98,0.1741,45,0.165,1,
"Univariate",0.9,10,5,6,690,147,13.106,1220,94,0.1756,46,0.165,1,
"Univariate",0.9,20,5,6,690,147,12.819,1135,94,0.1756,47,0.165,1,
"Univariate",0.9,40,5,6,690,147,12.968,1042,94,0.1756,48,0.165,1,
"Univariate",0.9,60,10,0,690,147,12.108,935,94,0.1756,49,0.165,1,
"Univariate",0.9,60,10,5,690,147,11.805,928,94,0.1756,50,0.165,1,
"Univariate",0.9,60,10,6,690,147,12.032,935,94,0.1756,51,0.165,1,
"Univariate",0.95,10,5,4,719,154,12.024,725,98,0.1764,52,0.1762,52,
"Univariate",0.95,20,5,4,719,154,11.8,723,98,0.1764,53,0.1762,52,
"Univariate",0.95,40,5,4,719,154,11.666,626,98,0.1764,54,0.1762,52,
"Univariate",0.95,60,5,4,719,154,11.569,626,98,0.1764,55,0.1762,52,
"Univariate",0.9,10,5,0,689,148,12.987,1223,94,0.1768,56,0.165,1,
"Univariate",0.9,20,5,0,689,148,12.247,1136,94,0.1768,57,0.165,1,
"Univariate",0.9,20,10,5,689,148,12.277,1108,94,0.1768,58,0.165,1,
"Univariate",0.9,40,5,0,689,148,12.169,1043,94,0.1768,59,0.165,1,
"Univariate",0.9,40,10,5,689,148,12.385,1015,94,0.1768,60,0.165,1,
"Teststatistic",0.9,40,5,0,718,155,17.516,2462,98,0.1775,61,0.1493,61,0.234
"Teststatistic",0.95,40,5,0,718,155,17.578,2428,98,0.1775,62,0.1493,61,
"Teststatistic",0.99,40,5,0,718,155,16.405,2410,98,0.1775,63,0.1493,61,
"Teststatistic",0.9,20,5,5,717,156,15.873,1851,98,0.1787,64,0.1627,18,
"Bonferroni",0.9,10,5,4,731,160,11.682,611,100,0.1796,65,0.1762,52,
"Bonferroni",0.9,20,5,4,731,160,11.747,611,100,0.1796,66,0.1762,52,
"Bonferroni",0.9,40,5,4,731,160,11.082,608,100,0.1796,67,0.1762,52,
"Bonferroni",0.9,60,5,4,731,160,11.561,608,100,0.1796,68,0.1762,52,
"Bonferroni",0.95,10,5,4,731,160,12.153,583,100,0.1796,69,0.1762,52,0.215
"Bonferroni",0.95,20,5,4,731,160,12.071,583,100,0.1796,70,0.1762,52,
"Bonferroni",0.95,40,5,4,731,160,11.008,580,100,0.1796,71,0.1762,52,
"Bonferroni",0.95,60,5,4,731,160,11.172,580,100,0.1796,72,0.1762,52,
"Bonferroni",0.99,10,5,0,731,160,11.142,504,100,0.1796,73,0.1762,52,
"Bonferroni",0.99,10,5,4,731,160,11.073,504,100,0.1796,74,0.1762,52,
"Bonferroni",0.99,10,5,5,731,160,11.219,504,100,0.1796,75,0.1762,52,
"Bonferroni",0.99,10,5,6,731,160,11.48,504,100,0.1796,76,0.1762,52,
"Bonferroni",0.99,20,5,0,731,160,11.288,504,100,0.1796,77,0.1762,52,
"Bonferroni",0.99,20,5,4,731,160,11.668,504,100,0.1796,78,0.1762,52,
"Bonferroni",0.99,20,5,5,731,160,11.625,504,100,0.1796,79,0.1762,52,
"Bonferroni",0.99,20,5,6,731,160,11.448,504,100,0.1796,80,0.1762,52,
"Bonferroni",0.99,40,5,0,731,160,11.348,504,100,0.1796,81,0.1762,52,
"Bonferroni",0.99,40,5,4,731,160,11.38,504,100,0.1796,82,0.1762,52,
"Bonferroni",0.99,40,5,5,731,160,11.383,504,100,0.1796,83,0.1762,52,
"Bonferroni",0.99,40,5,6,731,160,11.616,504,100,0.1796,84,0.1762,52,
"Bonferroni",0.99,60,5,0,731,160,11.872,504,100,0.1796,85,0.1762,52,
"Bonferroni",0.99,60,5,4,731,160,11.355,504,100,0.1796,86,0.1762,52,
"Bonferroni",0.99,60,5,5,731,160,11.111,504,100,0.1796,87,0.1762,52,
"Bonferroni",0.99,60,5,6,731,160,11.483,504,100,0.1796,88,0.1762,52,
"Univariate",0.99,10,5,4,731,160,11.941,611,100,0.1796,89,0.1762,52,
"Univariate",0.99,20,5,4,731,160,11.616,611,100,0.1796,90,0.1762,52,
"Univariate",0.99,40,5,4,731,160,11.72,608,100,0.1796,91,0.1762,52,
"Univariate",0.99,60,5,4,731,160,11.488,608,100,0.1796,92,0.1762,52,
"Teststatistic",0.9,40,5,5,716,157,15.479,1732,98,0.1798,93,0.1627,18,
"Teststatistic",0.9,60,5,0,716,157,15.26,2081,98,0.1798,94,0.1526,94,0.239
"Teststatistic",0.9,60,5,5,716,157,14.256,1630,98,0.1798,95,0.1627,18,
"Teststatistic",0.95,20,5,5,716,157,15.099,1849,98,0.1798,96,0.1627,18,
"Teststatistic",0.95,40,5,5,716,157,15.251,1732,98,0.1798,97,0.1627,18,
"Teststatistic",0.95,60,5,0,716,157,15.313,2048,98,0.1798,98,0.1526,94,
"Teststatistic",0.95,60,5,5,716,157,13.762,1630,98,0.1798,99,0.1627,18,
"Teststatistic",0.99,20,5,5,716,157,15.331,1849,98,0.1798,100,0.1627,18,
"Teststatistic",0.99,40,5,5,716,157,15.199,1732,98,0.1798,101,0.1627,18,
"Teststatistic",0.99,60,5,0,716,157,15.137,2032,98,0.1798,102,0.1526,94,
"Teststatistic",0.99,60,5,5,716,157,13.767,1630,98,0.1798,103,0.1627,18,
"Teststatistic",0.9,20,5,0,715,158,20.325,2965,98,0.181,104,0.1459,104,
"Teststatistic",0.9,20,5,4,715,158,13.97,1381,98,0.181,105,0.1627,18,
"Univariate",0.9,10,5,4,685,152,12.915,1106,94,0.1816,106,0.1762,52,
"Univariate",0.9,20,5,4,685,152,12.419,1021,94,0.1816,107,0.1762,52,
"Univariate",0.9,20,10,0,685,152,12.641,1118,94,0.1816,108,0.165,1,
"Univariate",0.9,20,10,6,685,152,12.831,1118,94,0.1816,109,0.165,1,
"Univariate",0.9,40,5,4,685,152,12.298,928,94,0.1816,110,0.1762,52,
"Univariate",0.9,40,10,0,685,152,12.083,1025,94,0.1816,111,0.165,1,
"Univariate",0.9,40,10,6,685,152,12.668,1025,94,0.1816,112,0.165,1,
"Univariate",0.9,60,5,4,685,152,11.414,844,94,0.1816,113,0.1762,52,
"Bonferroni",0.95,10,5,0,729,162,11.638,585,100,0.1818,114,0.1762,52,
"Bonferroni",0.95,10,5,5,729,162,11.774,585,100,0.1818,115,0.1762,52,
"Bonferroni",0.95,10,5,6,729,162,12.327,585,100,0.1818,116,0.1762,52,
"Bonferroni",0.95,20,5,0,729,162,11.46,585,100,0.1818,117,0.1762,52,
"Bonferroni",0.95,20,5,5,729,162,11.923,585,100,0.1818,118,0.1762,52,
"Bonferroni",0.95,20,5,6,729,162,12.038,585,100,0.1818,119,0.1762,52,
"Bonferroni",0.95,40,5,0,729,162,11.281,582,100,0.1818,120,0.1762,52,
"Bonferroni",0.95,40,5,5,729,162,11.341,582,100,0.1818,121,0.1762,52,
"Bonferroni",0.95,40,5,6,729,162,10.868,582,100,0.1818,122,0.1762,52,
"Bonferroni",0.95,60,5,0,729,162,11.414,582,100,0.1818,123,0.1762,52,
"Bonferroni",0.95,60,5,5,729,162,11.848,582,100,0.1818,124,0.1762,52,
"Bonferroni",0.95,60,5,6,729,162,12.183,582,100,0.1818,125,0.1762,52,
"Teststatistic",0.9,20,5,6,714,159,17.587,2435,98,0.1821,126,0.1538,126,
"Teststatistic",0.9,20,10,0,714,159,18.714,2455,98,0.1821,127,0.1538,126,
"Teststatistic",0.9,40,5,4,714,159,13.751,1268,98,0.1821,128,0.1627,18,
"Teststatistic",0.9,40,10,0,714,159,17.522,2255,98,0.1821,129,0.1538,126,
"Teststatistic",0.9,60,5,4,714,159,13.319,1177,98,0.1821,130,0.1627,18,
"Teststatistic",0.95,20,5,4,714,159,14.594,1379,98,0.1821,131,0.1627,18,
"Teststatistic",0.95,20,10,0,714,159,18.062,2422,98,0.1821,132,0.1538,126,
"Teststatistic",0.95,40,5,4,714,159,13.552,1268,98,0.1821,133,0.1627,18,
"Teststatistic",0.95,40,10,0,714,159,16.23,2222,98,0.1821,134,0.1538,126,
"Teststatistic",0.95,60,5,4,714,159,13.06,1177,98,0.1821,135,0.1627,18,
"Teststatistic",0.99,20,5,4,714,159,13.722,1379,98,0.1821,136,0.1627,18,
"Teststatistic",0.99,20,10,0,714,159,17.58,2406,98,0.1821,137,0.1538,126,
"Teststatistic",0.99,40,5,4,714,159,13.548,1268,98,0.1821,138,0.1627,18,
"Teststatistic",0.99,40,10,0,714,159,15.938,2206,98,0.1821,139,0.1538,126,
"Teststatistic",0.99,60,5,4,714,159,13.266,1177,98,0.1821,140,0.1627,18,
"Teststatistic",0.9,40,5,6,713,160,15.515,2120,98,0.1833,141,0.1538,126,
"Teststatistic",0.95,20,5,0,713,160,19.743,2928,98,0.1833,142,0.1459,104,
"Teststatistic",0.95,20,5,6,713,160,16.661,2432,98,0.1833,143,0.1538,126,
"Teststatistic",0.95,40,5,6,713,160,16.416,2119,98,0.1833,144,0.1538,126,
"Teststatistic",0.99,20,5,0,713,160,19.452,2907,98,0.1833,145,0.1459,104,
"Teststatistic",0.99,20,5,6,713,160,17.645,2432,98,0.1833,146,0.1538,126,
"Teststatistic",0.99,40,5,6,713,160,16.493,2119,98,0.1833,147,0.1538,126,
"Bonferroni",0.95,20,10,4,727,164,11.329,584,100,0.1841,148,0.1762,52,
"Bonferroni",0.95,40,10,4,727,164,11.465,581,100,0.1841,149,0.1762,52,
"Bonferroni",0.95,40,20,0,727,164,10.86,510,100,0.1841,150,0.1762,52,
"Bonferroni",0.95,40,20,4,727,164,11.578,510,100,0.1841,151,0.1762,52,
"Bonferroni",0.95,40,20,5,727,164,11.758,510,100,0.1841,152,0.1762,52,
"Bonferroni",0.95,40,20,6,727,164,11.332,510,100,0.1841,153,0.1762,52,
"Bonferroni",0.95,40,30,0,727,164,11.736,509,100,0.1841,154,0.1762,52,
"Bonferroni",0.95,40,30,4,727,164,11.822,509,100,0.1841,155,0.1762,52,
"Bonferroni",0.95,40,30,5,727,164,11.473,509,100,0.1841,156,0.1762,52,
"Bonferroni",0.95,40,30,6,727,164,11.793,509,100,0.1841,157,0.1762,52,
"Bonferroni",0.95,60,10,4,727,164,11.55,581,100,0.1841,158,0.1762,52,
"Bonferroni",0.95,60,20,0,727,164,11.782,510,100,0.1841,159,0.1762,52,
"Bonferroni",0.95,60,20,4,727,164,11.553,510,100,0.1841,160,0.1762,52,
"Bonferroni",0.95,60,20,5,727,164,12.11,510,100,0.1841,161,0.1762,52,
"Bonferroni",0.95,60,20,6,727,164,11.391,510,100,0.1841,162,0.1762,52,
"Bonferroni",0.95,60,30,0,727,164,11.71,509,100,0.1841,163,0.1762,52,
"Bonferroni",0.95,60,30,4,727,164,11.665,509,100,0.1841,164,0.1762,52,
"Bonferroni",0.95,60,30,5,727,164,11.434,509,100,0.1841,165,0.1762,52,
"Bonferroni",0.95,60,30,6,727,164,11.578,509,100,0.1841,166,0.1762,52,
"Bonferroni",0.99,20,10,0,727,164,11.855,504,100,0.1841,167,0.1762,52,
"Bonferroni",0.99,20,10,4,727,164,11.2,504,100,0.1841,168,0.1762,52,
"Bonferroni",0.99,20,10,5,727,164,11.178,504,100,0.1841,169,0.1762,52,
"Bonferroni",0.99,20,10,6,727,164,11.15,504,100,0.1841,170,0.1762,52,
"Bonferroni",0.99,40,10,0,727,164,11.354,504,100,0.1841,171,0.1762,52,
"Bonferroni",0.99,40,10,4,727,164,11.675,504,100,0.1841,172,0.1762,52,
"Bonferroni",0.99,40,10,5,727,164,11.196,504,100,0.1841,173,0.1762,52,
"Bonferroni",0.99,40,10,6,727,164,11.133,504,100,0.1841,174,0.1762,52,
"Bonferroni",0.99,40,20,0,727,164,11.525,504,100,0.1841,175,0.1762,52,
"Bonferroni",0.99,40,20,4,727,164,11.797,504,100,0.1841,176,0.1762,52,
"Bonferroni",0.99,40,20,5,727,164,11.35,504,100,0.1841,177,0.1762,52,
"Bonferroni",0.99,40,20,6,727,164,11.165,504,100,0.1841,178,0.1762,52,
"Bonferroni",0.99,40,30,0,727,164,11.368,504,100,0.1841,179,0.1762,52,
"Bonferroni",0.99,40,30,4,727,164,11.28,504,100,0.1841,180,0.1762,52,
"Bonferroni",0.99,40,30,5,727,164,11.572,504,100,0.1841,181,0.1762,52,
"Bonferroni",0.99,40,30,6,727,164,11.221,504,100,0.1841,182,0.1762,52,
"Bonferroni",0.99,60,10,0,727,164,11.355,504,100,0.1841,183,0.1762,52,
"Bonferroni",0.99,60,10,4,727,164,11.433,504,100,0.1841,184,0.1762,52,
"Bonferroni",0.99,60,10,5,727,164,11.342,504,100,0.1841,185,0.1762,52,
"Bonferroni",0.99,60,10,6,727,164,11.044,504,100,0.1841,186,0.1762,52,
"Bonferroni",0.99,60,20,0,727,164,11.012,504,100,0.1841,187,0.1762,52,
"Bonferroni",0.99,60,20,4,727,164,11.551,504,100,0.1841,188,0.1762,52,
"Bonferroni",0.99,60,20,5,727,164,11.38,504,100,0.1841,189,0.1762,52,
"Bonferroni",0.99,60,20,6,727,164,11.207,504,100,0.1841,190,0.1762,52,
"Bonferroni",0.99,60,30,0,727,164,11.373,504,100,0.1841,191,0.1762,52,
"Bonferroni",0.99,60,30,4,727,164,11.184,504,100,0.1841,192,0.1762,52,
"Bonferroni",0.99,60,30,5,727,164,11.803,504,100,0.1841,193,0.1762,52,
"Bonferroni",0.99,60,30,6,727,164,11.734,504,100,0.1841,194,0.1762,52,
"Univariate",0.99,20,10,4,726,165,11.923,605,100,0.1852,195,0.1762,52,
"Univariate",0.99,40,10,4,726,165,11.808,602,100,0.1852,196,0.1762,52,
"Univariate",0.99,60,10,4,726,165,12.229,602,100,0.1852,197,0.1762,52,
"Bonferroni",0.95,20,10,0,725,166,11.268,586,100,0.1863,198,0.1762,52,
"Bonferroni",0.95,20,10,5,725,166,11.148,586,100,0.1863,199,0.1762,52,
"Bonferroni",0.95,20,10,6,725,166,11.693,586,100,0.1863,200,0.1762,52,
"Bonferroni",0.95,40,10,0,725,166,11.325,583,100,0.1863,201,0.1762,52,
"Bonferroni",0.95,40,10,5,725,166,11.84,583,100,0.1863,202,0.1762,52,
"Bonferroni",0.95,40,10,6,725,166,11.121,583,100,0.1863,203,0.1762,52,
"Bonferroni",0.95,60,10,0,725,166,11.748,583,100,0.1863,204,0.1762,52,
"Bonferroni",0.95,60,10,5,725,166,11.408,583,100,0.1863,205,0.1762,52,
"Bonferroni",0.95,60,10,6,725,166,11.429,583,100,0.1863,206,0.1762,52,
"Teststatistic",0.9,10,5,5,710,163,15.944,2050,98,0.1867,207,0.1627,18,
"Teststatistic",0.9,60,5,6,710,163,14.375,1833,98,0.1867,208,0.1571,208,
"Teststatistic",0.9,60,10,0,710,163,15.405,1979,98,0.1867,209,0.1571,208,
"Teststatistic",0.95,60,5,6,710,163,14.783,1833,98,0.1867,210,0.1571,208,
"Teststatistic",0.95,60,10,0,710,163,15.478,1946,98,0.1867,211,0.1571,208,
"Teststatistic",0.99,60,5,6,710,163,15.892,1833,98,0.1867,212,0.1571,208,
"Teststatistic",0.99,60,10,0,710,163,14.7,1930,98,0.1867,213,0.1571,208,
"Univariate",0.95,20,10,4,710,163,11.613,724,98,0.1867,214,0.1762,52,
"Univariate",0.95,40,10,4,710,163,11.336,627,98,0.1867,215,0.1762,52,
"Univariate",0.95,60,10,4,710,163,11.692,627,98,0.1867,216,0.1762,52,
"Teststatistic",0.9,10,5,4,709,164,13.757,1389,98,0.1879,217,0.1627,18,
"Teststatistic",0.9,20,10,5,709,164,15.596,1823,98,0.1879,218,0.1639,218,
"Teststatistic",0.9,20,10,6,709,164,16.622,2290,98,0.1879,219,0.1538,126,
"Teststatistic",0.9,40,10,5,709,164,14.629,1725,98,0.1879,220,0.1639,218,
"Teststatistic",0.9,40,10,6,709,164,16.162,2094,98,0.1879,221,0.1538,126,
"Teststatistic",0.9,60,10,5,709,164,13.776,1627,98,0.1879,222,0.1639,218,
"Teststatistic",0.95,10,5,5,709,164,16.222,2048,98,0.1879,223,0.1627,18,
"Teststatistic",0.95,20,10,5,709,164,15.717,1823,98,0.1879,224,0.1639,218,
"Teststatistic",0.95,20,10,6,709,164,16.819,2290,98,0.1879,225,0.1538,126,
"Teststatistic",0.95,40,10,5,709,164,14.964,1725,98,0.1879,226,0.1639,218,
"Teststatistic",0.95,40,10,6,709,164,15.536,2094,98,0.1879,227,0.1538,126,
"Teststatistic",0.95,60,10,5,709,164,13.961,1627,98,0.1879,228,0.1639,218,
"Teststatistic",0.99,10,5,5,709,164,15.668,1967,98,0.1879,229,0.1627,18,
"Teststatistic",0.99,20,10,5,709,164,15.79,1823,98,0.1879,230,0.1639,218,
"Teststatistic",0.99,20,10,6,709,164,16.767,2290,98,0.1879,231,0.1538,126,
"Teststatistic",0.99,40,10,5,709,164,15.104,1725,98,0.1879,232,0.1639,218,
"Teststatistic",0.99,40,10,6,709,164,16.038,2094,98,0.1879,233,0.1538,126,
"Teststatistic",0.99,60,10,5,709,164,13.819,1627,98,0.1879,234,0.1639,218,
"Bonferroni",0.9,20,10,4,723,168,11.548,607,100,0.1886,235,0.1762,52,
"Bonferroni",0.9,40,10,4,723,168,11.978,604,100,0.1886,236,0.1762,52,
"Bonferroni",0.9,60,10,4,723,168,11.755,604,100,0.1886,237,0.1762,52,
"Teststatistic",0.9,40,30,4,708,165,13.141,1096,98,0.189,238,0.1762,52,
"Teststatistic",0.9,60,30,4,708,165,13.043,1096,98,0.189,239,0.1762,52,
"Teststatistic",0.95,10,5,4,708,165,14.275,1387,98,0.189,240,0.1627,18,
"Teststatistic",0.95,40,30,4,708,165,14.049,1096,98,0.189,241,0.1762,52,
"Teststatistic",0.95,60,30,4,708,165,12.764,1096,98,0.189,242,0.1762,52,
"Teststatistic",0.99,10,5,4,708,165,14.256,1387,98,0.189,243,0.1627,18,
"Teststatistic",0.99,40,30,4,708,165,13.479,1096,98,0.189,244,0.1762,52,
"Teststatistic",0.99,60,30,4,708,165,12.831,1096,98,0.189,245,0.1762,52,
"Teststatistic",0.9,10,5,6,707,166,19.338,2733,98,0.1901,246,0.1538,126,
"Teststatistic",0.9,20,10,4,707,166,14.125,1366,98,0.1901,247,0.1639,218,
"Teststatistic",0.9,40,10,4,707,166,13.737,1268,98,0.1901,248,0.1639,218,
"Teststatistic",0.9,40,20,5,707,166,14.683,1550,98,0.1901,249,0.1639,218,
"Teststatistic",0.9,60,10,4,707,166,13.255,1177,98,0.1901,250,0.1639,218,
"Teststatistic",0.9,60,20,5,707,166,14.026,1457,98,0.1901,251,0.1639,218,
"Teststatistic",0.95,20,10,4,707,166,13.819,1366,98,0.1901,252,0.1639,218,
"Teststatistic",0.95,40,10,4,707,166,14.06,1268,98,0.1901,253,0.1639,218,
"Teststatistic",0.95,40,20,5,707,166,15.075,1550,98,0.1901,254,0.1639,218,
"Teststatistic",0.95,60,10,4,707,166,12.977,1177,98,0.1901,255,0.1639,218,
"Teststatistic",0.95,60,20,5,707,166,13.486,1457,98,0.1901,256,0.1639,218,
"Teststatistic",0.99,20,10,4,707,166,14.065,1366,98,0.1901,257,0.1639,218,
"Teststatistic",0.99,40,10,4,707,166,13.349,1268,98,0.1901,258,0.1639,218,
"Teststatistic",0.99,40,20,5,707,166,14.498,1550,98,0.1901,259,0.1639,218,
"Teststatistic",0.99,60,10,4,707,166,12.894,1177,98,0.1901,260,0.1639,218,
"Teststatistic",0.99,60,20,5,707,166,13.814,1457,98,0.1901,261,0.1639,218,
"Teststatistic",0.9,60,10,6,706,167,14.554,1826,98,0.1913,262,0.1571,208,
"Teststatistic",0.95,10,5,6,706,167,17.294,2730,98,0.1913,263,0.1538,126,
"Teststatistic",0.95,60,10,6,706,167,15.083,1826,98,0.1913,264,0.1571,208,
"Teststatistic",0.99,10,5,6,706,167,18.042,2649,98,0.1913,265,0.1538,126,
"Teststatistic",0.99,60,10,6,706,167,14.525,1826,98,0.1913,266,0.1571,208,
"Univariate",0.99,40,20,0,720,171,11.582,516,100,0.1919,267,0.1762,52,
"Univariate",0.99,40,20,4,720,171,11.439,516,100,0.1919,268,0.1762,52,
"Univariate",0.99,40,20,5,720,171,11.429,516,100,0.1919,269,0.1762,52,
"Univariate",0.99,40,20,6,720,171,11.676,516,100,0.1919,270,0.1762,52,
"Univariate",0.99,40,30,0,720,171,11.008,515,100,0.1919,271,0.1762,52,
"Univariate",0.99,40,30,4,720,171,11.589,515,100,0.1919,272,0.1762,52,
"Univariate",0.99,40,30,5,720,171,11.427,515,100,0.1919,273,0.1762,52,
"Univariate",0.99,40,30,6,720,171,12.292,515,100,0.1919,274,0.1762,52,
"Univariate",0.99,60,20,0,720,171,11.378,516,100,0.1919,275,0.1762,52,
"Univariate",0.99,60,20,4,720,171,11.447,516,100,0.1919,276,0.1762,52,
"Univariate",0.99,60,20,5,720,171,11.408,516,100,0.1919,277,0.1762,52,
"Univariate",0.99,60,20,6,720,171,11.05,516,100,0.1919,278,0.1762,52,
"Univariate",0.99,60,30,0,720,171,11.018,515,100,0.1919,279,0.1762,52,
"Univariate",0.99,60,30,4,720,171,11.536,515,100,0.1919,280,0.1762,52,
"Univariate",0.99,60,30,5,720,171,11.427,515,100,0.1919,281,0.1762,52,
"Univariate",0.99,60,30,6,720,171,11.394,515,100,0.1919,282,0.1762,52,
"Univariate",0.9,20,10,4,676,161,12.707,1011,94,0.1924,283,0.1762,52,
"Univariate",0.9,40,10,4,676,161,12.051,918,94,0.1924,284,0.1762,52,
"Univariate",0.9,60,10,4,676,161,11.491,834,94,0.1924,285,0.1762,52,
"Teststatistic",0.9,10,5,0,704,169,24.33,3444,98,0.1936,286,0.1459,104,
"Teststatistic",0.9,40,20,4,702,171,13.57,1257,98,0.1959,287,0.1751,287,
"Teststatistic",0.9,60,20,4,702,171,12.949,1165,98,0.1959,288,0.1751,287,
"Teststatistic",0.95,10,5,0,702,171,22.866,3406,98,0.1959,289,0.1459,104,
"Teststatistic",0.95,40,20,4,702,171,13.17,1257,98,0.1959,290,0.1751,287,
"Teststatistic",0.95,60,20,4,702,171,13.224,1165,98,0.1959,291,0.1751,287,
"Teststatistic",0.99,10,5,0,702,171,22.968,3302,98,0.1959,292,0.1459,104,
"Teststatistic",0.99,40,20,4,702,171,13.992,1257,98,0.1959,293,0.1751,287,
"Teststatistic",0.99,60,20,4,702,171,13.016,1165,98,0.1959,294,0.1751,287,
"Bonferroni",0.9,10,5,0,716,175,12.254,673,100,0.1964,295,0.165,1,
"Bonferroni",0.9,10,5,5,716,175,12.097,673,100,0.1964,296,0.165,1,
"Bonferroni",0.9,10,5,6,716,175,12.006,673,100,0.1964,297,0.165,1,
"Bonferroni",0.9,20,5,0,716,175,12.148,673,100,0.1964,298,0.165,1,
"Bonferroni",0.9,20,5,5,716,175,11.816,673,100,0.1964,299,0.165,1,
"Bonferroni",0.9,20,5,6,716,175,11.918,673,100,0.1964,300,0.165,1,
"Bonferroni",0.9,40,5,0,716,175,11.944,670,100,0.1964,301,0.165,1,
"Bonferroni",0.9,40,5,5,716,175,11.433,670,100,0.1964,302,0.165,1,
"Bonferroni",0.9,40,5,6,716,175,11.757,670,100,0.1964,303,0.165,1,
"Bonferroni",0.9,60,5,0,716,175,11.776,670,100,0.1964,304,0.165,1,
"Bonferroni",0.9,60,5,5,716,175,11.568,670,100,0.1964,305,0.165,1,
"Bonferroni",0.9,60,5,6,716,175,11.428,670,100,0.1964,306,0.165,1,
"Univariate",0.99,10,5,0,716,175,11.697,668,100,0.1964,307,0.165,1,
"Univariate",0.99,10,5,5,716,175,11.844,668,100,0.1964,308,0.165,1,
"Univariate",0.99,10,5,6,716,175,11.786,668,100,0.1964,309,0.165,1,
"Univariate",0.99,20,5,0,716,175,11.643,668,100,0.1964,310,0.165,1,
"Univariate",0.99,20,5,5,716,175,12.499,668,100,0.1964,311,0.165,1,
"Univariate",0.99,20,5,6,716,175,11.495,668,100,0.1964,312,0.165,1,
"Univariate",0.99,40,5,0,716,175,11.805,665,100,0.1964,313,0.165,1,
"Univariate",0.99,40,5,5,716,175,12.23,665,100,0.1964,314,0.165,1,
"Univariate",0.99,40,5,6,716,175,11.997,665,100,0.1964,315,0.165,1,
"Univariate",0.99,60,5,0,716,175,11.18,665,100,0.1964,316,0.165,1,
"Univariate",0.99,60,5,5,716,175,11.484,665,100,0.1964,317,0.165,1,
"Univariate",0.99,60,5,6,716,175,11.886,665,100,0.1964,318,0.165,1,
"Univariate",0.9,40,20,0,715,176,12.67,909,100,0.1975,319,0.1751,287,
"Univariate",0.9,40,20,5,715,176,12.823,909,100,0.1975,320,0.1751,287,
"Univariate",0.9,40,20,6,715,176,12.767,909,100,0.1975,321,0.1751,287,
"Univariate",0.9,40,30,0,715,176,12.544,816,100,0.1975,322,0.1751,287,
"Univariate",0.9,40,30,5,715,176,13.085,816,100,0.1975,323,0.1751,287,
"Univariate",0.9,40,30,6,715,176,12.145,816,100,0.1975,324,0.1751,287,
"Univariate",0.9,60,20,0,715,176,12.236,819,100,0.1975,325,0.1751,287,
"Univariate",0.9,60,20,5,715,176,12.742,819,100,0.1975,326,0.1751,287,
"Univariate",0.9,60,20,6,715,176,12.471,819,100,0.1975,327,0.1751,287,
"Univariate",0.9,60,30,0,715,176,13.065,816,100,0.1975,328,0.1751,287,
"Univariate",0.9,60,30,5,715,176,12.743,816,100,0.1975,329,0.1751,287,
"Univariate",0.9,60,30,6,715,176,12.67,816,100,0.1975,330,0.1751,287,
"Univariate",0.95,40,20,0,713,178,11.939,658,100,0.1998,331,0.1751,287,
"Univariate",0.95,40,20,5,713,178,12.069,658,100,0.1998,332,0.1751,287,
"Univariate",0.95,40,20,6,713,178,11.866,658,100,0.1998,333,0.1751,287,
"Univariate",0.95,40,30,0,713,178,11.863,657,100,0.1998,334,0.1751,287,
"Univariate",0.95,40,30,5,713,178,11.537,657,100,0.1998,335,0.1751,287,
"Univariate",0.95,40,30,6,713,178,11.738,657,100,0.1998,336,0.1751,287,
"Univariate",0.95,60,20,0,713,178,11.799,658,100,0.1998,337,0.1751,287,
"Univariate",0.95,60,20,5,713,178,11.396,658,100,0.1998,338,0.1751,287,
"Univariate",0.95,60,20,6,713,178,12.089,658,100,0.1998,339,0.1751,287,
"Univariate",0.95,60,30,0,713,178,12.058,657,100,0.1998,340,0.1751,287,
"Univariate",0.95,60,30,5,713,178,12.006,657,100,0.1998,341,0.1751,287,
"Univariate",0.95,60,30,6,713,178,11.952,657,100,0.1998,342,0.1751,287,
"Univariate",0.99,20,10,0,713,178,11.965,657,100,0.1998,343,0.165,1,
"Univariate",0.99,20,10,5,713,178,11.644,657,100,0.1998,344,0.165,1,
"Univariate",0.99,20,10,6,713,178,11.531,657,100,0.1998,345,0.165,1,
"Univariate",0.99,40,10,0,713,178,11.445,654,100,0.1998,346,0.165,1,
"Univariate",0.99,40,10,5,713,178,11.549,654,100,0.1998,347,0.165,1,
"Univariate",0.99,40,10,6,713,178,11.9,654,100,0.1998,348,0.165,1,
"Univariate",0.99,60,10,0,713,178,11.369,654,100,0.1998,349,0.165,1,
"Univariate",0.99,60,10,5,713,178,11.266,654,100,0.1998,350,0.165,1,
"Univariate",0.99,60,10,6,713,178,11.784,654,100,0.1998,351,0.165,1,
"Bonferroni",0.9,20,10,0,710,181,12.078,664,100,0.2031,352,0.165,1,
"Bonferroni",0.9,20,10,5,710,181,11.896,664,100,0.2031,353,0.165,1,
"Bonferroni",0.9,20,10,6,710,181,12.497,664,100,0.2031,354,0.165,1,
"Bonferroni",0.9,40,10,0,710,181,11.65,661,100,0.2031,355,0.165,1,
"Bonferroni",0.9,40,10,5,710,181,11.799,661,100,0.2031,356,0.165,1,
"Bonferroni",0.9,40,10,6,710,181,12.11,661,100,0.2031,357,0.165,1,
"Bonferroni",0.9,60,10,0,710,181,12.451,661,100,0.2031,358,0.165,1,
"Bonferroni",0.9,60,10,5,710,181,12.107,661,100,0.2031,359,0.165,1,
"Bonferroni",0.9,60,10,6,710,181,12.211,661,100,0.2031,360,0.165,1,
"Univariate",0.9,40,20,4,709,182,13.044,888,100,0.2043,361,0.1751,287,
"Univariate",0.9,40,30,4,709,182,12.564,796,100,0.2043,362,0.1751,287,
"Univariate",0.9,60,20,4,709,182,12.225,798,100,0.2043,363,0.1751,287,
"Univariate",0.9,60,30,4,709,182,12.612,796,100,0.2043,364,0.1751,287,
"Univariate",0.95,40,20,4,709,182,12.413,639,100,0.2043,365,0.1751,287,
"Univariate",0.95,40,30,4,709,182,11.755,638,100,0.2043,366,0.1751,287,
"Univariate",0.95,60,20,4,709,182,11.981,639,100,0.2043,367,0.1751,287,
"Univariate",0.95,60,30,4,709,182,11.863,638,100,0.2043,368,0.1751,287,
"Teststatistic",0.9,40,20,0,694,179,15.284,1819,98,0.205,369,0.1627,18,
"Teststatistic",0.9,40,20,6,694,179,15.349,1815,98,0.205,370,0.1627,18,
"Teststatistic",0.9,60,20,0,694,179,14.203,1650,98,0.205,371,0.1627,18,
"Teststatistic",0.9,60,20,6,694,179,14.219,1646,98,0.205,372,0.1627,18,
"Teststatistic",0.95,40,20,0,694,179,15.51,1819,98,0.205,373,0.1627,18,
"Teststatistic",0.95,40,20,6,694,179,15.731,1815,98,0.205,374,0.1627,18,
"Teststatistic",0.95,60,20,0,694,179,13.685,1650,98,0.205,375,0.1627,18,
"Teststatistic",0.95,60,20,6,694,179,14.341,1646,98,0.205,376,0.1627,18,
"Teststatistic",0.99,40,20,0,694,179,15.909,1818,98,0.205,377,0.1627,18,
"Teststatistic",0.99,40,20,6,694,179,16.191,1815,98,0.205,378,0.1627,18,
"Teststatistic",0.99,60,20,0,694,179,14.209,1649,98,0.205,379,0.1627,18,
"Teststatistic",0.99,60,20,6,694,179,14.318,1646,98,0.205,380,0.1627,18,
"Bonferroni",0.9,40,20,0,703,188,11.071,532,100,0.211,381,0.1762,52,
"Bonferroni",0.9,40,20,4,703,188,11.419,532,100,0.211,382,0.1762,52,
"Bonferroni",0.9,40,20,5,703,188,11.422,532,100,0.211,383,0.1762,52,
"Bonferroni",0.9,40,20,6,703,188,11.651,532,100,0.211,384,0.1762,52,
"Bonferroni",0.9,40,30,0,703,188,11.922,531,100,0.211,385,0.1762,52,
"Bonferroni",0.9,40,30,4,703,188,12.002,531,100,0.211,386,0.1762,52,
"Bonferroni",0.9,40,30,5,703,188,10.799,531,100,0.211,387,0.1762,52,
"Bonferroni",0.9,40,30,6,703,188,11.529,531,100,0.211,388,0.1762,52,
"Bonferroni",0.9,60,20,0,703,188,11.895,532,100,0.211,389,0.1762,52,
"Bonferroni",0.9,60,20,4,703,188,11.446,532,100,0.211,390,0.1762,52,
"Bonferroni",0.9,60,20,5,703,188,10.914,532,100,0.211,391,0.1762,52,
"Bonferroni",0.9,60,20,6,703,188,11.634,532,100,0.211,392,0.1762,52,
"Bonferroni",0.9,60,30,0,703,188,11.711,531,100,0.211,393,0.1762,52,
"Bonferroni",0.9,60,30,4,703,188,11.132,531,100,0.211,394,0.1762,52,
"Bonferroni",0.9,60,30,5,703,188,11.716,531,100,0.211,395,0.1762,52,
"Bonferroni",0.9,60,30,6,703,188,11.632,531,100,0.211,396,0.1762,52,
